<?xml version="1.0"?>
<LanguagePack xmlns:xsi="http://www.w3.org/2001/XMLSchema-instance" xmlns:xsd="http://www.w3.org/2001/XMLSchema" Version="3.0">
<Culture Code="es-ES" DisplayName="Espanol (Costa Rica)" />
<Files>
<File FileName="AdminBackup.ascx.es-ES.resx" FileType="LocalResource" ModuleName="NB_Store" />
<File FileName="AdminCategories.ascx.es-ES.resx" FileType="LocalResource" ModuleName="NB_Store" />
<File FileName="AdminClients.ascx.es-ES.resx" FileType="LocalResource" ModuleName="NB_Store" />
<File FileName="AdminHost.ascx.es-ES.resx" FileType="LocalResource" ModuleName="NB_Store" />
<File FileName="AdminOrders.ascx.es-ES.resx" FileType="LocalResource" ModuleName="NB_Store" />
<File FileName="AdminProduct.ascx.es-ES.resx" FileType="LocalResource" ModuleName="NB_Store" />
<File FileName="AdminProductDetail.ascx.es-ES.resx" FileType="LocalResource" ModuleName="NB_Store" />
<File FileName="AdminProductDoc.ascx.es-ES.resx" FileType="LocalResource" ModuleName="NB_Store" />
<File FileName="AdminProductImage.ascx.es-ES.resx" FileType="LocalResource" ModuleName="NB_Store" />
<File FileName="AdminProductList.ascx.es-ES.resx" FileType="LocalResource" ModuleName="NB_Store" />
<File FileName="AdminProductLite.ascx.es-ES.resx" FileType="LocalResource" ModuleName="NB_Store" />
<File FileName="AdminPromo.ascx.es-ES.resx" FileType="LocalResource" ModuleName="NB_Store" />
<File FileName="AdminReport.ascx.es-ES.resx" FileType="LocalResource" ModuleName="NB_Store" />
<File FileName="AdminReportEdit.ascx.es-ES.resx" FileType="LocalResource" ModuleName="NB_Store" />
<File FileName="AdminReportList.ascx.es-ES.resx" FileType="LocalResource" ModuleName="NB_Store" />
<File FileName="AdminReportPopup.ascx.es-ES.resx" FileType="LocalResource" ModuleName="NB_Store" />
<File FileName="AdminSettings.ascx.es-ES.resx" FileType="LocalResource" ModuleName="NB_Store" />
<File FileName="AdminShipMethod.ascx.es-ES.resx" FileType="LocalResource" ModuleName="NB_Store" />
<File FileName="AdminStock.ascx.es-ES.resx" FileType="LocalResource" ModuleName="NB_Store" />
<File FileName="AdminTemplates.ascx.es-ES.resx" FileType="LocalResource" ModuleName="NB_Store" />
<File FileName="CategoryMenu.ascx.es-ES.resx" FileType="LocalResource" ModuleName="NB_Store" />
<File FileName="CategoryMenuSettings.ascx.es-ES.resx" FileType="LocalResource" ModuleName="NB_Store" />
<File FileName="CheckOut.ascx.es-ES.resx" FileType="LocalResource" ModuleName="NB_Store" />
<File FileName="CheckOutSettings.ascx.es-ES.resx" FileType="LocalResource" ModuleName="NB_Store" />
<File FileName="MenuManager.ascx.es-ES.resx" FileType="LocalResource" ModuleName="NB_Store" />
<File FileName="ProductList.ascx.es-ES.resx" FileType="LocalResource" ModuleName="NB_Store" />
<File FileName="ProductListOptions.ascx.es-ES.resx" FileType="LocalResource" ModuleName="NB_Store" />
<File FileName="ProductListSettings.ascx.es-ES.resx" FileType="LocalResource" ModuleName="NB_Store" />
<File FileName="ProductSearch.ascx.es-ES.resx" FileType="LocalResource" ModuleName="NB_Store" />
<File FileName="ProductSearchSettings.ascx.es-ES.resx" FileType="LocalResource" ModuleName="NB_Store" />
<File FileName="Settings.ascx.es-ES.resx" FileType="LocalResource" ModuleName="NB_Store" />
<File FileName="ShipRates.ascx.es-ES.resx" FileType="LocalResource" ModuleName="NB_Store" />
<File FileName="TaxRates.ascx.es-ES.resx" FileType="LocalResource" ModuleName="NB_Store" />
</Files>
</LanguagePack>
